"Code table";"Intitulé de la table";
"AABREV";"Abréviation";
"ABANK";"Banques (guichets)";
"ABATABT";"Serveur batch (Abonnements)";
"ABATABTD";"Serveur batch (Abonnements)";
"ABATABTD2";"Serveur batch (Abonnements)";
"ABATCAL";"Calendrier serveur batch";
"ABATGRP";"Serveur batch (Groupes)";
"ABATHOR";"Contraintes horaires";
"ABATPAR";"Serveur batch (Paramètres)";
"ABATRQT";"Serveur batch (Requêtes)";
"ABATRQT2";"Serveur batch (Requêtes)";
"ABATRQTL";"Serveur batch (Requêtes)";
"ABATTAC";"Serveur batch (Tâches)";
"ABLBSYS";"Composants graphiques";
"ABLOB";"Fichiers spéciaux";
"ACALCUL";"Histo. calculette";
"ACCCOD";"Codes d'accès";
"ACCES";"Accès par utilisateur";
"ACHANGE";"Paramétrage changement de clé";
"ACLACOL";"Classes (Collections)";
"ACLAFLD";"Classes (lignes)";
"ACLALNK";"Classes (tables)";
"ACLAMAP";"Classes (mapping)";
"ACLAMET";"Classes (méthodes)";
"ACLAMETSTD";"Classes (méthodes standard)";
"ACLAOPT";"Classes (options)";
"ACLAPARDEF";"Classes (paramètres)";
"ACLAPARFLD";"Classes (paramètres)";
"ACLASSE";"Classes";
"ACLBSYS";"Composants graphiques";
"ACLOB";"Fichiers spéciaux";
"ACODIF";"Codification des rubriques";
"ACODNUM";"Compteurs document";
"ACONSTANT";"Constantes";
"ACONSULT";"Consultations";
"ACONTEXT";"Contexte";
"ACTCODPAR";"Paramètres des actions";
"ACTION";"Dictionnaire des actions";
"ACTIV";"Codes activité";
"ACTL";"Tables de contrôles";
"ACTLDEV";"Tranches réservées";
"ACTLSPE";"Audit des spécifiques";
"ACTLSPELINE";"Audit des spécifiques";
"ACTPAR";"Paramètres des actions";
"ADELETE";"Suppression";
"ADELIVER";"Livrable";
"ADELIVERB";"Livrable";
"ADELIVERD";"Livrable";
"ADELIVERL";"Livrable";
"ADELIVERO";"Livrable";
"ADELIVERP";"Livrable";
"ADELIVERR";"Livrable";
"ADELIVERT";"Livrable";
"ADICTRT";"Dictionnaire des traitements";
"ADIMENSION";"Eléments de dimensionnement";
"ADOCBLB";"Documentation (Fichiers liés)";
"ADOCCLB";"Documentation (Textes)";
"ADOCFLD";"Documentation sur champs";
"ADOCFNC";"Liens de documentation";
"ADOCUMENT";"Documentation";
"ADOPAR";"Paramètres";
"ADOSACT";"Codes activité";
"ADOSDIM";"Eléments de dimensionnement";
"ADOSLEG";"Législations";
"ADOSLIV";"Livrables";
"ADOSSIER";"Table des dossiers";
"ADOSSOL";"Solution par dossier";
"ADOVAL";"Valeurs paramètres";
"ADOVALAUS";"Valeurs paramètres utilisateur";
"ADOVALGRP";"Jeux de valeurs";
"ADOVALHIS";"Valeurs paramètres";
"AECLIDBG";"Eclipse";
"AECLIRDV";"Eclipse";
"AELT";"Dictionnaire des éléments Web";
"AELTLINK";"Liens des éléments Web";
"AENCHAINE";"Enchaînements import/export";
"AENTREE";"Points d'entrée";
"AESPION";"Trace des opérations";
"AEXPV3";"Paramétrage tableau/import";
"AEXPV3D";"Paramétrage tableau/import";
"AFCTCUR";"Fonction courante";
"AFCTEXE";"Dernières fonctions exécutées";
"AFCTFCT";"Profil fonction utilisateur";
"AFCTFCY";"Profil fonction site";
"AFCTPRF";"Habilitation fonctionnelle";
"AFONCTION";"Dictionnaire des fonctions";
"AFORDIM";"Formules de dimensionnement";
"AGDPRMAI";"";
"AGDPRPHONE";"";
"AGDPRSETTING";"Paramétrage RGPD";
"AGDPRVCR";"Recherche RGPD";
"AGLOBVAR";"Variables globales";
"AGRPCPY";"Groupes de sociétés";
"AGRPFCY";"Groupes de sites";
"AHISTO";"Historisation / Epuration";
"AHISTOD";"Historisation / Epuration";
"AINDEX";"Index spécifiques";
"AIOBENCH";"Résultats indice performance";
"AITRLNK";"Composants interactifs";
"ALINK";"Explorateur de liaisons";
"ALISTEC";"Requêteur graphique";
"ALISTED";"Requêteur";
"ALISTEH";"Requêteur";
"ALISTEL";"Requêteur graphique";
"ALISTER";"Requêteur";
"ALISTET";"Requêteur graphique";
"ALNKSUB";"Liens subdivisions";
"ALOGIN";"Table de login";
"ALSTRD";"Derniers enregistrements lus";
"AMAINT";"Transactions système";
"AMEMO";"Mémo";
"AMENLOC";"Entête messages";
"AMENUSER";"Menu profil utilisateur";
"AMETUTI";"Profil métier";
"AMIGKEY";"Clés";
"AMOTCLE";"Mots-clés d'aide";
"AMOULIN";"Procédures de migration";
"AMOULIN1";"Plan de migration";
"AMOULIN2";"Détail plan de migration";
"AMSK";"Dictionnaire des écrans";
"AMSKACT";"Table affectation action-objet";
"AMSKPAR";"Paramètres action-objet";
"AMSKZON";"Dictionnaire des champs écran";
"ANAVCRE";"Navigation";
"ANAVFIL";"Navigation";
"ANAVIG";"Navigation";
"ANNUAIRE";"Annuaire utilisateur";
"AOBJBUR";"Documents bureautique";
"AOBJBURMOD";"Documents par défaut";
"AOBJET";"Objets de base";
"AOBJEXT";"Modèles import/export";
"AOBJEXTD";"Lignes import/export objet";
"AOBJEXTMP";"Sas import/export";
"AOBJEXTMPB";"Sas import/export";
"AOBJEXTMPC";"Sas import/export";
"AOBJEXTMPD";"Sas import/export";
"AOBJEXTMPE";"Sas import/export";
"AOBJEXTR";"Transcodage Import/Export";
"AOBJLNK";"Explorateur de liaisons";
"AOBJLST";"Objets de base";
"AOBJPROP";"Propriétés objets";
"AOBJSEL";"Fichier mémo sélection";
"AOBJTAB";"Tables objets";
"AOBJTXT";"Pièces jointes";
"AOBJTXTA";"Table des mots-clés";
"APARIMPEXP";"Paramètres import/export";
"APATCH";"Suivi des patchs";
"APATCHLOG";"Suivi des patchs";
"APATCHLOGD";"Suivi des patchs";
"APATCHMOD";"Modèle de paramétrage";
"APATCHTMP";"Intégration de patch";
"APLCOM";"Compteurs";
"APLCOMH";"Compteurs";
"APLLCK";"Table des verrous";
"APLSTD";"Messages applicatif";
"APOOLBRG";"Pool du bridge Java";
"APOOLWS";"Pool de services web";
"APORTMOD";"Modules portail";
"APORTTAB";"Portail onglets";
"APORTTYP";"Famille vignette";
"APORTUSER";"Portail utilisateur";
"APORTVIG";"Vignettes";
"APRINTDES";"Description imprimantes";
"APRINTER";"Destinations";
"APROCESSUS";"Processus";
"APROCTEXTE";"Textes processus";
"APROFIL";"Profil utilisateur";
"APROMEN";"Menu processus";
"APRTAUS";"Destinations par utilisateur";
"APRTBRW";"Multi-listes";
"APTLPAGE";"Pages du portail";
"APTLPAR";"Paramètres des vues portail";
"APTLVW";"Vues du portail";
"ARCHPAR";"Règles d'archivage";
"ARCHPARE";"Paramètres d'archivage";
"ARCHPARU";"Profil utilisateur GED";
"ARCHPARW";"Paramètres d'archivage";
"AREFAML";"Références croisées textes";
"AREFTXT";"Références croisées textes";
"AREPORT";"Dictionnaire  des Etats";
"AREPORTA";"Paramétrage imprimante";
"AREPORTD";"Paramètres des états";
"AREPORTG";"Paramétrage imprimante";
"AREPORTM";"Impressions maj tables";
"AREPORTS";"Etats - Sources de données";
"AREPORTV";"Impressions";
"AREPORTX";"Impressions";
"AREPORTZ";"Etats ZPL";
"AROLE";"Restrictions d'accès";
"ASHW";"Représentations";
"ASHWBLC";"Représentation (Blocs)";
"ASHWCOL";"Représentations (Collections)";
"ASHWEXPPRO";"Représentations (Exposées)";
"ASHWFLD";"Représentations (Lignes)";
"ASHWLNK";"Représentations (Ancres)";
"ASHWMENU";"Représentations (Menus)";
"ASHWMET";"Représentation (méthodes)";
"ASHWOPT";"Représentations (Options)";
"ASHWPAR";"Représentation (paramètres)";
"ASHWPARMET";"Représentation (par. méthodes)";
"ASHWSEC";"Représentation (Sections)";
"ASTYLE";"Styles de présentation";
"ASTYLEC";"Styles conditionnels";
"ASTYLEP";"Styles personnalisés";
"ASUBPROG";"Table des sous-programmes";
"ASUBPROGD";"Sous-programmes (Champs)";
"ASYSSMDBASSO";"X3";
"ASYSSMEXTERN";"X3";
"ASYSSMINTERN";"X3";
"ASYSSMPROCES";"X3";
"ATABAUD";"Champs audités";
"ATABDIV";"Tables diverses";
"ATABIND";"Dictionnaire des index";
"ATABLE";"Dictionnaire des tables";
"ATABTAB";"Paramètrage tables diverses";
"ATABZON";"Dictionnaire des champs";
"ATEXMOD";"Compteur des textes par module";
"ATEXTE";"Messages du dictionnaire";
"ATEXTEXCEP";"Exceptions (traduction)";
"ATEXTRA";"Textes à traduire";
"ATMPTRA";"Temporaire pour traces";
"ATRADIS";"Suivi des Imports/Exports";
"ATRANSAC";"Types de transactions";
"ATYPE";"Types de données";
"ATYPELNK";"Liens types de données";
"ATYPELPAR";"Paramètres types de données";
"ATYPEPRO";"Content type";
"ATYPERPAR";"Paramètres types de données";
"ATYPERUL";"Règles types de données";
"AUDITBI";"Audit BI";
"AUDITH";"Audit - En-tête";
"AUDITL";"Audit - Lignes";
"AUPDATE";"Mise à jour";
"AUPDATELINE";"Mise à jour";
"AUPDATEPATH";"Mise à jour";
"AURL";"Définition des URL";
"AUSRBPR";"Utilisateurs tiers";
"AUSRSOL";"Utilisateurs solution";
"AUSRSTA";"Statistiques";
"AUTILIS";"Utilisateurs";
"AUTILITY";"Utilitaires";
"AVALATT";"Valeurs des compteurs";
"AVALNUM";"Valeurs des compteurs";
"AVARLOC";"Contexte assistant de formules";
"AVIEW";"Dictionnaire des vues";
"AVIEWB";"Dictionnaire des vues";
"AVIEWC";"Dictionnaire des clés";
"AVIEWD";"Dictionnaire des vues";
"AVIEWE";"Liste des tables et vues";
"AVOCAB";"Personnalisation vocabulaire";
"AVOLUME";"Volume";
"AWEBSERDES";"Mapping Web services";
"AWEBSERVIC";"Services web";
"AWINBOUT";"Dictionnaire boutons fenêtres";
"AWINBRO";"Dictionnaire browsers fenêtres";
"AWINDOW";"Dictionnaire des fenêtres";
"AWINPAR";"Paramètres fenêtres";
"AWRKHISDES";"Historique Workflow";
"AWRKHISJOI";"Historique Workflow";
"AWRKHISMES";"Historique message workflow";
"AWRKHISSUI";"Historique suivi workflow";
"AWRKLNK";"Modèles de données";
"AWRKPAR";"Règles Workflow";
"AWRKPARC";"Règles Workflow (actions)";
"AWRKPARF";"Règles Workflow (signature)";
"AWRKPARH";"Règles Workflow (destinataire)";
"AWRKPARX";"Workflow simplifié";
"AWRKREG";"Règles d'affectation";
"AWRKREGVAL";"Affectation utilisateur";
"AWRKTAB";"Modèles de données";
"AWRKTRN";"Plan de travail workflow";
"AWRKTRND";"Plan de travail workflow";
"AWRKUSR";"Utilisateurs délégués";
"AWSDL";"Services web";
"AWSDL1";"Services web structure";
"BADDTER";"Conditions créances douteuses";
"BALAGEEOY";"Retard paiement/fact à arrêté";
"BALANA";"Balance analytique";
"BALANCE";"Balance générale";
"BALCONSO";"Balance de consolidation";
"BALPRECSL";"Balance pré-consolidée";
"BANK";"Compte en banque";
"BANKPOSD";"Situation bancaire";
"BANREC";"Etat rapprochement bancaire";
"BANRECD";"Ligne relevé bancaire";
"BAPPOINT";"Rendez-vous";
"BATCH";"Paramètres tâches batch";
"BDTTRK";"Créances douteuses";
"BENCHTRS";"Transaction  plans";
"BETCPY";"Paramétrage inter-sociétés";
"BETCPYL";"Paramétrage inter-sociétés";
"BGRBAN";"Groupe bancaire";
"BID";"Relevé identité bancaire";
"BILLLADC";"Contenu bon de transport";
"BILLLADD";"Détail bon de transport";
"BILLLADH";"En-tête bon de transport";
"BILLLADWRK";"Etat bon de transport";
"BILSTA";"Relevé de LCR et BOR";
"BITMPPORDERP";"Commandes d'achat Prix";
"BITMPPORDERQ";"Commandes d'achat quantités";
"BITMPSORDERP";"Commandes de vente - Prix";
"BITMPSORDERQ";"Commandes de vente - Quantités";
"BLACMM";"Balance analytique engagements";
"BLAQTY";"Balance analytique en quantité";
"BLOBEXPENSES";"Photo de la note de frais";
"BNKTRSIMP";"Import virements tréso Sage";
"BOM";"Nomenclatures Entête";
"BOMCREF";"Composant référence";
"BOMD";"Nomenclatures Détail";
"BOMPRN";"Impression Nomenclatures";
"BOMRET";"Analyse de faisabilité";
"BOMWUS";"Nomenclatures cas d'emploi";
"BOSIMP";"Nomenclature sous-traitance";
"BPADDRESS";"Adresses";
"BPARTNER";"Business Partner";
"BPCARRIER";"Transporteurs";
"BPCCATEG";"Catégorie client";
"BPCINVLIG";"Lignes factures tiers client";
"BPCINVLIGA";"Ligne analytique tiers client";
"BPCINVLIGLOC";"Lignes factures tiers client";
"BPCINVVAT";"Taux de taxes";
"BPCUSTMVT";"Mouvements clients";
"BPCUSTOMER";"Clients";
"BPDLVCUST";"Clients livrés";
"BPEXCEPT";"Exception tiers-société";
"BPMISC";"Donneur d'ordre/Tiers divers";
"BPMISCCGF";"Configuration tiers divers";
"BPSCATEG";"Catégorie fournisseur";
"BPSHISUPLN";"Adresses d'expéditions";
"BPSHISUPP";"Fournisseurs expéditeurs";
"BPSINVLIG";"Lignes factures tiers fourn";
"BPSINVLIGA";"Ligne analytique tiers fourn";
"BPSUPPLIER";"Fournisseurs";
"BPSUPPMVT";"Mouvements fournisseurs";
"BSEINQ";"Consultation bilan";
"BSIBPRNUM";"Définition numéro tiers";
"BSIBPRNUMD";"Détail définition numéro tiers";
"BSIDUD";"Echéances";
"BSIELTMAP";"Détail mapping élément camt";
"BSIELTMAPD";"Mapping élément camt.";
"BSIFILFMT";"Déf. format import bancaire";
"BSIFILFMTD";"Détail déf. format import bancaire";
"BSIIMP";"Import relevé bancaire";
"BSIIMPD";"Détail import relevé bancaire";
"BSIIMPDS";"Sous-détail imp. relevé bancaire";
"BSIIMPPAR";"Paramétrages import bancaire";
"BSIIMPTC";"Codes type import bancaire";
"BSIINVDIO";"Définition numéro facture";
"BSIINVDIOD";"Détail déf. numéro facture";
"BSIITCD";"Codes type import bancaire";
"BSIMANENT";"Saisie manuelle";
"BSIPAY";"Règlements";
"BSISCT";"Segment import bancaire";
"BSISCTD";"Détail segment import bancaire";
"BSISEAEXD";"Termes exclus";
"BSISEALIS";"Liste termes recherche";
"BSISEALISD";"Détail liste termes recherche";
"BUD";"Table des budgets";
"BUDFORCAL";"Formules de calcul des budgets";
"BUDOD";"OD budgétaires";
"BUDODS";"OD budgétaires";
"BUDPAR";"Paramétrage budgets";
"BUDPURAUD";"Audit";
"BUDVARCAL";"Variables de calcul budget";
"BUDVER";"Versions de budgets";
"CAAUZ";"Table des interdictions";
"CACCE";"Sections";
"CACCEDEF";"Sections par défaut";
"CADIEDEF";"Axes par défaut";
"CADISTMP";"Répartitions temporelles";
"CADSP";"Répartitions a priori";
"CALLATTEMP";"Tentative d'appel";
"CAPVAR";"Variations de capacité";
"CARAREA";"Régions transporteurs";
"CARPRICE";"Tarifs transporteurs";
"CBLOB";"Fichiers spéciaux";
"CBNDET";"Calcul besoins nets détail";
"CBNHEA";"Calcul besoins nets";
"CBNWRK";"Temporaire calcul besoins";
"CCMACTION";"Actions";
"CCMAPPROVER";"Approbateurs demande changement";
"CCMCHGREQ";"Demande de changement";
"CCMCRDESC";"Description demande changement";
"CCMCRNOTES";"Pièces jointes dem changement";
"CCMCRORIGC";"Initiateurs clients";
"CCMCRORIGE";"Initiateurs externes";
"CCMCRORIGI";"Initiateurs internes";
"CCMCRORIGS";"Initiateurs fournisseurs";
"CCMIMPBOD";"Analyse impact-Lignes nomenclatures";
"CCMIMPBOH";"Analyse impact-Nomenclatures";
"CCMIMPFOD";"Analyse impact-Prévisions";
"CCMIMPFOH";"Analyse impact-Prévisions";
"CCMIMPITM";"Analyse impact-Stock";
"CCMIMPITMDET";"Analyse impact-Sites stockage";
"CCMIMPMFGD";"Analyse impact-OF";
"CCMIMPMFGH";"Analyse impact-OF";
"CCMIMPPOD";"Analyse impact-Achats";
"CCMIMPPOH";"Analyse impact-Achats";
"CCMIMPPRD";"Analyse impact-Demande achat";
"CCMIMPPRH";"Analyse impact-Demande achat";
"CCMIMPROD";"Analyse impact-Lignes gammes";
"CCMIMPROH";"Analyse impact-Gamme";
"CCMIMPSCD";"Analyse impact-S-traitance";
"CCMIMPSCH";"Analyse impact-S-traitance";
"CCMIMPSOD";"Analyse impact-Commandes ventes";
"CCMIMPSOH";"Analyse impact-Commandes ventes";
"CCMIMPSQD";"Analyse impacts - devis ventes";
"CCMIMPSQH";"Analyse impacts - devis ventes";
"CCMPLAND";"Détail plan demande changement";
"CCMPLANH";"En-tête plan dem changement";
"CCMREJDSC";"Désignation rejet";
"CDIADSP";"Répartitions a posteriori";
"CFODUDDATE";"Gestion prévisions de tréso.";
"CFOMANMVT";"Mouvements prévisionnels";
"CFOTYP";"Types prévisions de trésorerie";
"CGVDET";"Détail changement valeur";
"CHGVAL";"Changement de valeur";
"CMARKETING";"Campagne marketing";
"COFAWRK";"Certificat d'analyse";
"COMPANY";"Société";
"CONTACT";"Contacts";
"CONTACTCRM";"Interlocuteurs";
"CONTAINER";"Conteneur fret";
"CONTAINERD";"Conteneur fret détail";
"CONTAMT";"Bases annuelles";
"CONTAMTX";"Bases annuelles";
"CONTCARE";"Plan d'entretien";
"CONTCOV";"Converture contrats de service";
"CONTIDX";"Valeurs des indices";
"CONTITM";"Articles couverts";
"CONTPBL";"Compétences couvertes";
"CONTQUAL";"Contraintes qualité";
"CONTREW";"Renouvellements des contrats";
"CONTREWX";"Renouvellements des contrats";
"CONTSERV";"Contrat de service";
"CONTSERVX";"Contrat de service";
"CONTTEMPL";"Modèle de contrat de service";
"CORREP";"Représentant en charge";
"CORRESPOND";"Correspondant";
"COSTSTCB";"Structure de coûts - barèmes";
"COSTSTCD";"Structure de coûts - documents";
"COSTSTCF";"Structure de coûts - site";
"COSTSTCH";"Structure de coûts";
"COSTSTCL";"Structure de coûts - lignes";
"COSTSTCR";"Rapprochement charges";
"CPTANALIN";"Lignes comptables analytiques";
"CPTFOOTLNK";"Lignes comptables analytiques";
"CPYRAMIDC";"Groupes sections pyramides ana";
"CPYRAMIDG";"Groupes pyramides analytiques";
"CPYRAMIDN";"Groupes natures pyramides ana";
"CRMCLOB";"Clob CRM";
"CRMTRS";"Transaction de saisie CRM";
"CRMTRSVAL";"Transaction saisie valeurs CRM";
"CSFPARH";"Paramétrage Extraction En-tête";
"CSFPARL";"Paramétrage Extraction Ligne";
"CSFRES";"Résultat d'extraction";
"CSFRESD";"Analyse flux trésorerie";
"CSFRESH";"Analyse flux trésorerie";
"CSFRESL";"Analyse flux trésorerie";
"CSTAXUID";"TaxUID";
"CSVATDAA";"Données soumission en ligne";
"CSVATMAP";"Mapping soumission en ligne";
"CSVATMAPD";"Mapping soumission en ligne";
"CTRLNIVW";"Table de traivail contrôle niv";
"CTSWSP";"Système de contrôle";
"CUNLISDET";"Inventaires";
"CUNLISTE";"Listes inventaires";
"CUNSERDET";"Inventaires séries";
"CUNSESSION";"Session  inventaire";
"DADCPY";"Société DADS";
"DADFCY";"Site DAS2";
"DCLVAT";"Déclaration de TVA sur débits";
"DCLVATBOXDBD";"Détail TVA";
"DCLVATBOXH";"En-tête TVA";
"DCLVATBOXPYD";"Détail TVA";
"DCLVATPAY";"Déclaration TVA/encaissements";
"DEB";"Déclaration d'échange de biens";
"DEBPAR";"Paramètres génération DEB";
"DEBREGNAT";"Régime et nature mouvement";
"DEFVAL";"Valeurs par défaut complexes";
"DIAHOU";"Schémas horaires";
"DIETRS";"Transaction saisie analytique";
"DIETRSXX";"Transaction saisie analytique";
"DKSDATAFRA";"Signatures électroniques";
"DKSKEY";"Gestion des clés";
"DMWBPREXC";"Exceptions gestion des déchets";
"DMWPAORD";"Gestion des déchets";
"DMWPRODPACKD";"Affectation emballage article";
"DMWPRODPACKH";"Affectation emballage article";
"DMWQTY";"Quantité de déchets";
"DMWQUOTAD";"Quotas de gestion des déchets";
"DMWQUOTAH";"Quotas de gestion des déchets";
"DMWSCHEME";"Système de gestion des déchets";
"DMWWEIGHT";"Poids des déchets";
"DNODEBNOT";"Factures d'agios";
"DOOBPCINT";"Clients internes";
"DOOBPCLNK";"Association de donneur d'ordre";
"ECCSTA";"Statuts versions majeures";
"ECCVAL";"Versions";
"EDIBPRCPY";"Flux EDI par tiers société";
"EDIBPRCPYD";"Flux EDI par tiers société";
"EDIBPRPAR";"Partenaires EDI par tiers";
"EDICAT";"Catégorie EDI";
"EDICATD";"Catégorie EDI (filtres)";
"EDICATK";"Catégorie EDI (autorisations)";
"EDICATL";"Catégorie EDI (législations)";
"EDICATREF";"Référence autorisation catég.";
"EDICPYPAR";"Partenaires EDI par société";
"EDICPYPARD";"Partenaires EDI par société";
"EDICPYPARFLO";"Flux EDI par société";
"EDIDEB";"Déclaration d'échange de biens";
"EDIFCYPAR";"Partenaires EDI par site";
"EDIFLO";"Flux";
"EDIFLOA";"Pièce jointe";
"EDIFLOAP";"Paramètres";
"EDIFLOD";"Détail flux";
"EDIFRM";"Formules";
"EDIMSG";"Mapping de messages";
"EDIMSGA";"Autorisations en réception";
"EDIMSGD";"Détail mapping de messages";
"EDIPAR";"Paramétrage messages";
"EDIPARTNER";"Partenaires EDI";
"EDIPARTNERD";"Partenaires EDI";
"EDIPTC";"Protocole";
"EDIPTCD";"Détail protocole";
"EDIPTCM";"Détail protocole";
"EDIRUN";"Lancement processus";
"EDIRUND";"Lancement processus";
"EDISEG";"Segments";
"EDISEQFIL";"Fichier séquentiel";
"EDISEQFILD";"Détail fichier séquentiel";
"EDISEQFILF";"Fichiers séquentiels";
"EDISTO";"Sas";
"EDISTOC";"Clob";
"EDISTOE";"Evénements";
"EDISTOF";"Détail flux";
"EDISTOJ";"Erreur";
"EDISTOU";"Stockage";
"EDITMPDOC";"Documents";
"EDITMPLOG";"Log";
"EDITRBK";"Etat rapprochement bancaire";
"EDITRKDOC";"Documents";
"EDIXMLFIL";"Fichier XML";
"EDIXMLFILD";"Détail fichier XML";
"EDIXMLFILF";"Fichiers XML";
"EDIXMLFILP";"Détail fichier XML";
"EDIXMLFILXSD";"Fichiers XSD";
"EDIXSDUPL";"Téléchargement fichier XSD EDI";
"EDIXSDUPLLOB";"Champ lob";
"EDTDADSU";"Edition fichier DADSU";
"EDTTDS";"Edition fichier TDS";
"ESCSRE";"Historique des escalades";
"ESLSALTYP";"Types de ventes intracom.";
"ESLSALTYPD";"Types de ventes intracom.";
"ESLTYPASS";"Affec. par type vente intracom.";
"ESLTYPASSD";"Affec. par type vente intracom.";
"EURSRVDCL";"Déclaration Européenne de Services";
"EURSRVDCLD";"Déclaration Européenne de Services";
"EVCRESULT";"Résult contrôle ID TVA intracom";
"EVENTTRNP";"Transport incident";
"EXKWORD";"Mots-clés existant";
"EXPARAM";"Paramètres";
"EXPENSES";"Frais";
"EXPENSESH";"Frais";
"EXTRMPRODUCT";"Article showcase";
"EXTRMPROVIDE";"Fournisseur showcase";
"FACGROUP";"Regroupement de sites";
"FACILITY";"Sites";
"FACTOR";"Factors";
"FAEPAR";"Paramétrage FEC";
"FAMPB";"Famille de compétence";
"FAMPBQUE";"Queues concernées";
"FAMPBREP";"Collaborateurs compétents";
"FIEDIC";"Critères de ciblage";
"FIEDICFIE";"Champs critères de ciblage";
"FIFOCONVAR";"Calcul taux FIFO";
"FIFOCONVARD";"Calcul taux FIFO";
"FILTDS";"Structure fichier DADS-U";
"FISCALYEAR";"Exercices";
"FRECST";"Charge";
"FRTCLS";"Classe de fret";
"FRTCOMCOD";"Code fret de marchandises";
"FUP";"Relances effectuées";
"FUPGRP";"Groupes de relances";
"FUPTXT";"Textes de relance";
"GACCCLS";"Classes de comptes";
"GACCCODE";"Codes comptables";
"GACCCODLIG";"Lignes des codes comptables";
"GACCDEF";"Comptes par défaut";
"GACCDENCOD";"Destination comptable";
"GACCDIM";"Axes par défaut";
"GACCDUDATE";"Echéances";
"GACCENTRY";"Ecritures comptables";
"GACCENTRYA";"Lignes analytiques comptables";
"GACCENTRYD";"Lignes de pièces comptables";
"GACCFIX";"Abonnements";
"GACCFIYENA";"Fichier temporaire à nouveau";
"GACCFIYEND";"Fichier temporaire à nouveau";
"GACCGRUPYM";"Groupes de comptes";
"GACCOUNT";"Comptes";
"GACCOUNTA";"Comptes (table additionnelle)";
"GACCPYM";"Pyramides comptes";
"GACCPYMLIK";"Liens pyramides comptes";
"GACCPYMPRT";"Impression pyramides";
"GACCTMP";"Ecritures comptables";
"GACCTMPA";"Lignes analytiques comptables";
"GACCTMPD";"Lignes de pièces comptables";
"GACM";"Modèle comptable";
"GAJOUSTA";"Journaux - états par période";
"GAPARBSE";"Codes reporting par défaut";
"GAPARDUM";"Déversement d'un compte";
"GAUTACE";"Pièces automatiques";
"GAUTACED";"Pièces automatiques (lignes)";
"GAUTACEF";"Formules pièces automatiques";
"GAUTACEL";"Législation pièce automatique";
"GAUTRCTMP";"Table temporaire tracabilité";
"GAUTRCVCR";"Tracabilité pièce automatique";
"GBAGSCR";"Ecrans de consultation Tiers";
"GCACCOA";"Transaction saisie code compta";
"GCCEGRUPYM";"Groupes pyramides analytiques";
"GCCEPYM";"Pyramides sections";
"GCCEPYMLIK";"Liens pyramides sections";
"GCCEPYMPRT";"Impression pyramides";
"GCLCACEPAR";"Ecritures calculées";
"GCOA";"Plan comptable";
"GCOMMIT";"Engagements";
"GCOMMITD";"Engagements détails";
"GCOMMITX";"Engagements (réf)";
"GDIAACC";"En-tête schémas comptes";
"GDIAACCD";"Lignes schémas comptes";
"GDIAENTRY";"Transactions de saisie";
"GDIAENTRYD";"Transactions saisie pièces";
"GDIE";"Axes";
"GDUDSCR";"Ecrans gestion échéances";
"GENTLOT";"Lots pièces comptables";
"GENTLOTA";"Lignes analytiques saisie lot";
"GENTLOTD";"Lignes générales saisie lot";
"GENTLOTH";"Entête pièces saisie par lot";
"GFSATT";"Attribut";
"GFSATTVAL";"Valeur attribut";
"GFSCALEXP";"Exception calendrier";
"GFSCUSFLDS";"Champs personnalisés";
"GFSCUSVALS";"Valeurs personnalisées";
"GFSITFATTV";"Attribut article-site";
"GFSITMATT";"Attribut article";
"GFSMRK";"Marqueur";
"GFSOBJ";"Objets";
"GFSOPTLIN";"Lignes matrice d'optimisation";
"GFSOPTMAT";"Matrice d'optimisation";
"GFSPIN";"Type punaisage opération";
"GFSSETEXC";"Exceptions temps réglage";
"GFSSETTIM";"Matrice temps réglage";
"GFSTAG";"Balise";
"GFUPSCR";"Ecrans gestion relances";
"GJOUCOA";"Journaux - Plan comptable";
"GJOURNAL";"Journaux comptables";
"GLCONSO";"Grand livre consolidation";
"GLED";"Référentiel";
"GRPACEMTC";"Lettrage groupe pièces";
"GRPAUTACE";"Groupe pièces automatiques";
"GRPCUR";"Groupes de devises";
"GRPDSP";"Groupes de répartitions";
"GRPSAC";"Groupes de collectif";
"GTABACC";"Ecrans de consultation";
"GTABACC2";"Consultations de comptes";
"GTABACC3";"Graphique du solde";
"GTEGRP";"Groupes de types de pièce";
"GTEGRPD";"Groupes de types de pièce";
"GTMPMTC";"Table temporaire de lettrage";
"GTYPACCENT";"Type de pièces";
"GVARCODPAR";"Paramètres des variables";
"GVARGAU";"Variables pièces automatiques";
"GVARPARGAU";"Paramétrage variables";
"GVARPARVAL";"Valeurs paramètres";
"HD1CLOB";"Clobs demandes de service";
"HD2CLOB";"Clobs interventions";
"HD3CLOB";"Clobs solutions";
"HD4CLOB";"Clobs compte-rendu commercial";
"HD5CLOB";"Clobs marketing";
"HD6CLOB";"Minis-Clobs CRM";
"HD7CLOB";"Clobs consommations SAV";
"HD8CLOB";"Clobs lead";
"HDKTASK";"Consommations SAV";
"HDKTASKINV";"Consommations à facturer";
"HDKTRS";"Transaction de saisie HDK";
"HDKTRSVAL";"Transaction saisie valeurs HDK";
"HISTOCRM";"Historique";
"HISTODUD";"Historique échéances";
"HISTOOMM";"Historique envois mailing";
"HONLIN";"Lignes d'honoraires";
"HONPRV";"Prestataires d'honoraires";
"HOROITM";"Articles horodatés";
"HRCPYREC";"Etat rapprochement société";
"HRCPYRECPAY";"Etat rapprochement société";
"HRCPYRECPM";"Etat rapprochement société";
"HRCPYRECTERM";"Etat rapprochement société";
"HRSAEQU";"Équité de l'emploi";
"HTMMAITXT";"Texte e-mails CRM";
"IDTCCE";"Index sections";
"ILOGIMG";"Images Ilog";
"IMCDETPRT";"Comparaison coûts";
"INCOTERM";"Incoterms";
"INCOTERMD";"Incoterms Détail";
"INTERVEN";"Intervention";
"INVDACPAR";"Paramétrage saisie factures tiers";
"ITCDET";"Détail coût pour impression";
"ITCDETPRT";"Articles - Coûts temporaire";
"ITCMAT";"Articles - Coûts temporaire";
"ITCMATCH";"Comparaison coûts";
"ITCNAT";"Détail natures - Coûts";
"ITCPITTMP";"Articles-coûts instant T";
"ITCWST";"Articles - Coûts temporaire";
"ITCWSTW";"Articles - Coûts temporaire";
"ITMABCWRK";"Calcul classe ABC";
"ITMBOM";"Articles - Nomenclatures";
"ITMBPC";"Articles - Clients";
"ITMBPS";"Articles-Fournisseurs";
"ITMBPSFCY";"Site article fournisseur";
"ITMCATEG";"Catégorie article";
"ITMCOMP";"Articles concurrents";
"ITMCOST";"Articles - Coûts";
"ITMCOSTPIT";"Articles-coûts instant T";
"ITMCPPLNK";"Lien Article/Concurrents";
"ITMCPTVER";"Paramétrage compteurs versions";
"ITMCUSNOM";"Nomenclature NC8 articles";
"ITMFACILIT";"Articles - Sites";
"ITMMASTER";"Articles";
"ITMMVT";"Cumuls Article-Site";
"ITMMVTHIS";"Historique cumuls Article-Site";
"ITMMVTPIT";"Cumuls article-site instant T";
"ITMSALES";"Articles - ventes";
"ITVPITTMP";"Cumuls article-site instant T";
"JSNX3DET";"Détail map. transfo. JSON-X3";
"JSNX3HEAD";"Mapper transformation JSON-X3 ";
"JSNX3TRAN";"Transfert JSON-X3";
"LABADCPRINT";"Paramétrage des étiquettes";
"LABELPRN";"Impression des étiquettes";
"LASTCUSMVT";"Derniers mvts clients";
"LASTSUPMVT";"Derniers mvts fournisseurs";
"LEAD";"Leads";
"LPN";"Identifiant contenant interne";
"MACHINES";"Parc client";
"MACITN";"Implantations machines";
"MACWARREQ";"Historique demande de garantie";
"MAILING";"Publipostage";
"MAILXML";"Publipostages XML";
"MAILXMLD";"Lignes publipostages XML";
"MARASSDEF";"Contenu des secteurs";
"MARASSREP";"Portefeuilles représentants";
"MARDEF";"Définitions des secteurs";
"MARDEFVAL";"Détails critères";
"MARREPSEC";"Affectations des secteurs";
"MARSCT";"Secteurs de marchés";
"MATCHCODE";"Lettres à utiliser";
"MATCHTOL";"Règle rapprochement";
"MATCSTW";"Calcul matière";
"MAXBUILD";"Quantité fabriquée maximum";
"MEDIA";"Campagne presse";
"MEMFOR";"Mémos";
"MESPAR";"Paramétrage MES";
"MFCDETPRT";"Détail matière";
"MFCMAT";"Détail matière";
"MFCNAT";"Détail natures - PRF";
"MFCSCRAP";"Prix de revient rebut";
"MFCTYPREL";"Comparaison coûts";
"MFCWST";"Détail opération";
"MFGANL";"Analyse OF";
"MFGCOST";"Prix de revient";
"MFGHEAD";"Ordres fabrication - entête";
"MFGHEADTRK";"Suivi  fabrication - entête";
"MFGITM";"Ordres fabrication - articles";
"MFGITMTRK";"suivi fabrication - articles";
"MFGMAT";"Ordres fabrication - matières";
"MFGMATREV";"OF - audit matières";
"MFGMATTRK";"Suivi fabrication - matières";
"MFGOPE";"Ordres fabrication - opérat.";
"MFGOPEREV";"OF - audit opérations";
"MFGOPETRK";"Suivi fabrication - opérat.";
"MFGPRN";"Ordres fabrication - documents";
"MFGSERDET";"OF - détail lien No série";
"MFGSERHDR";"OF - en-tête lien No série";
"MFGTRS";"Transaction  saisie production";
"MFGVERSION";"Changement version GPAO";
"MFGWIP";"Valorisation encours - entête";
"MGTWASTE";"Gestion des déchets";
"MIGX";"X3 People - Migration";
"MIGXTBLCMP";"Entête comparaison table migration";
"MIGXTBLDIF";"Diff schémas table migration";
"MIGXTBLMAP";"Mapping table migration";
"MKGLEVEL";"Niveau";
"MKGOPG";"Relations ciblages/opérations";
"MKGQUR";"Ciblages marketing";
"MKGQURPPL";"Populations intermédiaires";
"MMSDEFVAL";"Valeurs par défaut MMS";
"MMSPAR";"Paramétrage MMS";
"MTCAUTO";"Lettrage automatique";
"MTCBATCH";"Lettrage batch";
"MTCGAUTMP";"Préparation lettrage pièces";
"MTKCRDASW";"Fiches technique Réponses";
"MTOHEAD";"Réseau MTO";
"MTOLINK";"Affectations demande/ressource";
"NETAUTO";"Compensation";
"NOTCATEG";"Catégorie note";
"NOTE";"Notes";
"OMMRESULT";"Données de fusion";
"OMMRPT";"Etat mailing";
"OPERATIONS";"Encours charge";
"OPPOR";"Affaire";
"OPPORCPP";"Concurrent affaire";
"OPPORCRM";"Affaire CRM";
"OPPORSBB";"Sous-projets affaire";
"OPPORSTA";"Etapes après vente affaires";
"OPPORSTB";"Etapes avant vente affaires";
"ORDCOMP";"Donneur d'ordre";
"ORDCOV";"Historique PEC encours";
"ORDERS";"En-cours";
"ORDOOPAR";"Paramétrage APS";
"ORDOPPAR";"Paramétrage PREACTOR";
"OVENAT";"Nature frais généraux";
"OVERHEAD";"Codes Frais généraux";
"PARESC";"Paramétrage des escalades";
"PARJAL";"Paramètres jalonnement";
"PARMRP";"Paramètres calculs besoins";
"PARMTO";"Règles d'affectation";
"PARSTA1";"Déclencheurs statistiques";
"PARSTA2";"Paramètres statistiques";
"PARSTALIG";"Lignes paramètres statistiques";
"PARSTOACC";"Paramètres stock-Interface";
"PARTAXUSA";"Paramètres taxes américaines";
"PARWIPACC";"Paramètre Wipcost-Interface";
"PARWIPACCS";"Paramètre Wipcost-Interface";
"PAYACCNUM";"Ecriture comptable règlement";
"PAYACCNUMD";"Ecriture comptable règlement";
"PAYFRM";"Bordereaux de paiement";
"PAYLOT";"Lot de saisie";
"PAYMENTA";"Lignes analytiques règlement";
"PAYMENTD";"Lignes règlement";
"PAYMENTH";"En-tête règlements";
"PAYMENTPORD";"Lignes règlement";
"PAYMENTPORH";"En-tête règlements";
"PAYMTCTMP";"Table temp lettrage règlements";
"PAYMTCTMP2";"Table temp lettrage règlements";
"PAYORDER";"Acomptes";
"PAYTMP";"Table temporaire règlements";
"PBDBPGRP";"Motif économique/familles tiers";
"PBDBPGRPD";"Motif économique/familles tiers";
"PBDCONFIG";"Configuration balance pmts";
"PBDCONFIGD";"Configuration balance pmts";
"PBDECOCOD";"Code motif économique";
"PBDECODITM";"Motif économique par article";
"PBDGEN";"Déclaration balance paiements";
"PBDGEND";"Détails décl balance paiements";
"PBDUICONF";"Paramétrage chps balance pmts";
"PBDUICONFD";"Lignes champs balance pmts";
"PDPDET";"Calcul plan directeur détail";
"PDPHEA";"Calcul plan directeur entête";
"PERIOD";"Périodes";
"PFOOTINV";"Eléments de facturation achats";
"PHONECALL";"Appel";
"PHONING";"Campagne d'appels";
"PIMPL";"Lien affaire";
"PINVOICE";"Factures d'achat";
"PINVOICED";"Factures d'achat détail";
"PINVOICEV";"Factures d'achat valorisation";
"PITCOUNT";"Comptage des points";
"PITDEB";"Débit de points";
"PITDEBD";"Débit de points (Lignes)";
"PIVOTS";"Pivots";
"PIVZON";"Zones du pivot";
"PIWRK";"Traçabilité temporaire pièces";
"PLGMKG";"Gestion du planning marketing";
"PLGOPG";"Gestion du planning marketing";
"PLMDEFVAL";"Valeurs par défaut PLM";
"PLMPAR";"Paramétrage PLM";
"POOL";"Pool bancaire";
"PORDER";"Commandes d'achat";
"PORDERC";"Commandes d'achat cumul av-ret";
"PORDERP";"Commandes d'achat Prix";
"PORDERQ";"Commandes d'achat quantités";
"PORDITM";"Commandes d'achat par article";
"PORQRC";"Données QR Portugal";
"POSCOD";"Codes postaux";
"PPREASON";"Motifs tarifs achats";
"PPRICCONF";"Paramétrage tarifs fournisseur";
"PPRICFICH";"Tarifs fournisseurs (fiches)";
"PPRICLINK";"Recherche tarifs achat (link)";
"PPRICLIST";"Tarifs fournisseurs";
"PPRIVARWRK";"Etat écart prix achat";
"PQUOTAT";"Appels d'offres";
"PQUOTATD";"Appels d'offre Détail article";
"PQUOTATF";"Appels d'offre detail fourn";
"PRECEIPT";"Réception";
"PRECEIPTD";"Réceptions Détail";
"PREPINVOICE";"Facture d'acompte";
"PREPINVOICED";"Détail factures d'acompte";
"PREPINVOICEF";"Factures définitives";
"PREPINVOICEP";"Paiements factures d'acompte";
"PREQUIS";"Demandes d'achat";
"PREQUISA";"Demandes d'achat Lien";
"PREQUISD";"Demandes d'achat Détail";
"PREQUISO";"Demandes d'achat Lien";
"PREREPORT";"Calcul devise Crystal report";
"PRESP";"Réponses appels d'offre";
"PRESPD";"Réponses appels d'offre Détail";
"PRESTCOV";"Prestations couvertes";
"PRETURN";"Retours";
"PRETURND";"Retours Détail";
"PRICSTRUCT";"Structure Tarifs (cli/four)";
"PRMDADSU";"Paramétrage extraction";
"PROROG";"Prorogation";
"PROROGPCE";"Prorogation";
"PRTSCRWRK";"Travail impression écrans";
"PTDSTKVAL";"Régularisation";
"PURTRS";"Transaction de saisie achats";
"PVCRFOOT";"Document achats -  Elt pied";
"PVCRVAT";"Document achats -  Taxes";
"PWRKORDERS";"Besoins pris en compte";
"PWRKPND";"Détail ligne retour temporaire";
"PWRKPNH";"Retour temporaire";
"PWRKPOC";"Article-contrat temporaire";
"PWRKPOP";"Article-contrat temporaire";
"PWRKPOQ";"Détail commande temporaire";
"PWRKPQF";"AOF ADR Fournis.  temporaire";
"PWRKPTD";"Réceptions Détail temporaire";
"PWRKPTH";"Réception temporaire";
"PWRKSTT";"Sous-traitance";
"PYHCAS";"Interface trésorerie";
"QLYCRD";"Fiches techniques";
"QLYCRDASW";"Fiches Qualité - Réponses";
"QLYCRDNQA";"Echantillonnage : Critères NQA";
"QLYCRDQST";"Fiches Qualité - Questions";
"QLYWRK";"Fichier travail  Réponses";
"QUEUE";"Queue";
"QURCRI";"Critères de ciblage";
"QURCRIVAL";"Valeurs de critères";
"QUREXTRACT";"Extraction des ciblages";
"QURTMP";"Traitement du ciblage";
"RCRINVOICE";"Factures périodiques";
"REACHPAR";"Paramétrage REACH";
"RELBANK";"Relevé des comptes bancaires";
"RELBANKREM";"Commentaires relevés bancaires";
"RELMT940D";"Fichier FMT940 (Lignes)";
"REPSEC";"Commerciaux secondaires";
"RESOURCES";"Ressources";
"RESRES";"Réservations de ressources";
"RHSBONFAC";"En-tête état SBONFACFRA";
"RITENZIONE";"Table des codes retenues";
"RLSBONFAC";"Lignes état SBONFACFRA";
"RLSBONFACI";"Elements facturation SBONFACFRA";
"RLSBONFACO";"Echéances SBONFACFRA";
"ROUOPE";"Gammes - Opérations";
"ROUOPESTD";"Opérations standard";
"ROUSCD";"Gamme - Jalonnement opérations";
"ROUTING";"Gammes - Entête";
"RPLWST";"Postes de charge de remplacemt";
"RVMVAL";"Versions de gammes";
"SAFTPTTMP1";"SAF-T";
"SALESREP";"Représentant";
"SALESTAX";"Etat TVA ventes";
"SALTRS";"Transaction de saisie ventes";
"SBGEO";"Zones intervention prestataire";
"SBODLINK";"Calcul qté composant (link)";
"SBPBL";"Compétences prestataire";
"SCHEDULING";"Jalonnement des O.F";
"SCHGD";"Ligne changement stock";
"SCHGH";"En-tête changement stock";
"SCMAPAR";"Paramétrage Prévision APS";
"SCMDPAR";"Paramétrage SCM n.SKEP";
"SCOHEAD";"Ordre de sous-traitance";
"SCOITM";"Ordre de sous-traitance";
"SCOMAT";"Ordre sous-traitance Matières";
"SCOSRV";"Ordre sous-traitance Service";
"SCOTRK";"Suivi de sous-traitance";
"SCPASW";"Réponses scripts d'appels";
"SCPQST";"Questions script d'appel";
"SCPQSTCND";"Conditions de cheminement";
"SCRIPT";"Script d'appel";
"SDELIVERY";"Entête de livraison";
"SDELIVERYD";"Détail livraison";
"SDELIVERYNO";"Notification livraison vente";
"SDELIVERYNOD";"Notification livraison vente";
"SEARESULT";"Résultat de recherche";
"SEASON";"Saisonnalités";
"SEAUTH";"Autorisations carte crédit";
"SEBPC";"Info clients pour passerelle";
"SECPST";"Secteur lead";
"SECPSTSEL";"Secteur lead sélection";
"SELCMG";"Liste des sélections marketing";
"SELCMGLIS";"Contenu sélections marketing";
"SELSSP";"Supports de sélections";
"SELSSPCPN";"Composants supports sélection";
"SEPAR";"Passerelles paiement";
"SEPRC";"Paramètres passerelle paiement";
"SERREQUEST";"Demandes de service";
"SETMAC";"Parc listé sur modèle demande";
"SETMACCPN";"Composants concernés";
"SETXN";"Transaction carte crédit";
"SFANAPAR";"Paramétrage SFA NA";
"SFOOTINV";"Eléments de facturation";
"SFTINDREF";"Temps hors production";
"SFTSHIFT";"Code équipe";
"SFTTEM";"Equipes";
"SFTTEMH";"Historique équipe";
"SFTTXN";"Transactions d'atelier";
"SFTTXNH";"Historique transaction atelier";
"SHIPDOC";"Documents expédition";
"SHIPMENT";"Expédition";
"SHIPMENTD";"Expédition détail";
"SHIPTRACK";"Suivi logistique expédition";
"SINCDET";"Définition révision tarifs lignes";
"SINCENT";"Définition révision tarifs";
"SINVOICE";"Factures vente";
"SINVOICED";"Détail facture de vente";
"SINVOICEDLOC";"Détail facture de vente";
"SINVOICELOC";"Factures vente";
"SINVOICEV";"Facture vente valorisation";
"SLFPITTMP";"Lot-site instant T";
"SLOTMD";"Ligne modification lot";
"SLOTMH";"En-tête modification lot";
"SMVTD";"Détail mouvement stock";
"SMVTDVAL";"Prix du mouvement";
"SMVTH";"En-tête mouvements";
"SOI";"Relevés";
"SOLRESULT";"Solutions trouvées";
"SOLUTION";"Solutions";
"SORDER";"Commandes de vente - Entête";
"SORDERC";"Commandes de vente - Cumul A/R";
"SORDERP";"Commandes de vente - Prix";
"SORDERQ";"Commandes de vente - Quantités";
"SPACK";"Colis livraison";
"SPACKD";"Détail colis livraison";
"SPPRTCONF";"Définition catalogue tarifs";
"SPREASON";"Motifs tarifs ventes";
"SPRICCONF";"Paramétrage tarifs client";
"SPRICFICH";"Tarifs clients (fiches)";
"SPRICINCR";"Augmentation des tarifs";
"SPRICLINK";"Recherche tarifs vente (link)";
"SPRICLIST";"Tarifs clients";
"SPRICPRTQ";"Catalogue tarifs ventes";
"SQUOTE";"Entête devis";
"SQUOTED";"Détail devis";
"SREMAC";"Parc concerné";
"SREMACCPN";"Composants concernés";
"SRESAT";"Historique états demandes";
"SRESTAT";"Statistiques demandes";
"SRETEMPL";"Modèle demande de service";
"SRETURN";"Entête retour vente";
"SRETURND";"Détail retour vente";
"STAT";"Statistiques";
"STATPRV";"Prévisions statistiques";
"STJTMP";"Journal des Stocks-Interface";
"STKMVTADJ";"Régularisation prix";
"STKMVTITC";"Mouvement en valeur en attente";
"STKREGWRK";"Régularisation prix";
"STKTRS";"Transactions stock";
"STOACCPAR";"Paramètre interface compta";
"STOADCSEARCH";"Paramétrage recherche stock";
"STOALL";"Allocations";
"STOCK";"Stocks";
"STOCOST";"Couts stocks FIFO";
"STOCOSTPIT";"Coût FIFO stock instant T";
"STOJOU";"Journal des Stocks";
"STOJOUOVE";"FG mouvements de stock";
"STOJOUVAL";"Valeurs mouvements de stock";
"STOLOC";"Emplacements";
"STOLOCAFF";"Affectation emplacements";
"STOLOCRES";"Travail emplacements";
"STOLOT";"Numéros de lot";
"STOLOTFCY";"Lots - Sites";
"STOLOTFCYPIT";"Lot-site instant T";
"STOMVTCOST";"Liens documents / pile FIFO";
"STOPAR";"Paramètres stocks";
"STOPRED";"Bon de préparation détail";
"STOPREH";"Bon de préparation entête";
"STOPRELIS";"Liste préparation expéditions";
"STOPRELISW";"Listes préparation travail";
"STOPREW";"Bons préparation travail";
"STOQLYD";"Détail contrôle qualité";
"STOQLYH";"Entête contrôle qualité";
"STOQLYSMP";"Echantillonnage contrôle qual.";
"STOQUAL";"Contrôle qualité";
"STOREO";"Réapprovisionnement";
"STOSER";"Numéros de série";
"STOSERW";"Séries en cours de traitement";
"STOSRG";"Rangements";
"STOSRGW";"Rangements (détails)";
"STOSYNW";"Travail resynchro stocks";
"STOTRK";"Traçabilité";
"STOTRKWRK";"Traçabilité temporaire";
"STOVALCUM";"Cumuls état valorisé stocks";
"STOVALWRK";"Etat valorisé des stocks";
"STOWIPW";"Stocks en cours de traitement";
"STPPITTMP";"Coût FIFO stock instant T";
"SUBCONT";"Prestataire";
"SVCRFOOT";"Document ventes -  Elt pied";
"SVCRFOOTLOC";"Document ventes -  Elt pied";
"SVCRINVCND";"Échéance de facturation";
"SVCRINVCNDD";"Échéance de facturation";
"SVCRVAT";"Document ventes -  Taxes";
"SVCRVATLOC";"Document ventes -  Taxes";
"SWIQRC";"Données QR suisses";
"SWRKDLV";"Livraisons automatiques";
"SWRKINV";"Facturation automatique";
"SWRKINVCND";"Facturation automatique";
"SYNCDATA";"Données synchronisation";
"SYNCLINK";"Transcodification synchro";
"SYNCPAR";"Paramétrage synchronisation";
"TAAAXXX";"Table modèle à dupliquer";
"TABACCINT";"Mappage comptes inter-sociétés";
"TABACCLIK";"Comptes de liaisons";
"TABALLRUL";"Règles d'allocations / sorties";
"TABBOMALT";"Table des Altern. Nomenclature";
"TABBUDTYP";"Transactions de budgets";
"TABCHANGE";"Table des Cours des devises";
"TABCODEDT";"Table code édition";
"TABCOEFF";"Table des coefficients";
"TABCONTAINER";"Contenant";
"TABCOSTMET";"Méthodes de valorisation";
"TABCOSTMVT";"Valorisation mouvement";
"TABCOUAFF";"Table affectation compteurs";
"TABCOUNTRY";"Table des Pays";
"TABCTL";"Table des réponses";
"TABCUR";"Table des Devises";
"TABDEPAGIO";"Table escomptes agios";
"TABEECNAT";"Table nature transaction DEB";
"TABEECSCH";"Table régimes statistiques";
"TABEXPENS";"Tables des frais";
"TABFILBAN";"Fichiers bancaires";
"TABFILCASH";"Fichier trésorerie";
"TABFILTDS";"Fichier déclaration honoraires";
"TABFOR";"Table des formules";
"TABFORLEG";"Formules par législation";
"TABGEOCOD";"Table des géo codes";
"TABINVCND";"Conditions de facturation";
"TABINVCNDLIN";"Conditions de facturation";
"TABLAN";"Table des Langues";
"TABLINCFG";"Lignes de produits";
"TABLOCTYP";"Table des types d'emplacements";
"TABMAT";"Table des matricules";
"TABMODELIV";"Table des modes de livraison";
"TABMSG";"Table des messages";
"TABPACKAGE";"Table des Emballages";
"TABPAM";"Table mode de réglement";
"TABPAYTERM";"Table conditions de paiement";
"TABPAYTYP";"Transactions de règlements";
"TABPIVTYP";"Table types facture fourniss.";
"TABPLACE";"Lieu de transit";
"TABPLACETIME";"Délai de transport";
"TABPNHTYP";"Table types retours";
"TABPRECOD";"Code préparation";
"TABPRTMOD";"Table des modèles d'éditions";
"TABRATVAT";"Taux de taxes";
"TABREOPOL";"Table des politiques réappro";
"TABROUALT";"Table des Alternatives Gammes";
"TABROUND";"Table des arrondis";
"TABSAFSTO";"Coefficients stock sécurité";
"TABSCA";"Table des rebuts";
"TABSDHTYP";"Table types livraisons";
"TABSGHTYP";"Type changement stock";
"TABSIVTYP";"Table types facture client";
"TABSOHTYP";"Table types commandes";
"TABSQHTYP";"Table types devis";
"TABSRHTYP";"Table types retours";
"TABSTASTO";"Table des Statuts de stock";
"TABSTORUL";"Règles de gestion de stock";
"TABSUBDIV";"Subdivisions géographiques";
"TABTNHTYP";"Type note transport";
"TABUNAVAIL";"Table des Périodes d'indispo.";
"TABUNIT";"Table des unités";
"TABUNNBR";"Table des numéros ONU";
"TABVAC";"Table détermination des taxes";
"TABVACBPR";"Table régime de taxes";
"TABVACITM";"Table niveau de taxe";
"TABVAT";"Table des codes taxes";
"TABVATEXE";"Table des exonérations de taxe";
"TABWEEDIA";"Schémas hebdomadaires";
"TABWIPSTO";"Quantités stock verrouillées";
"TABWRKCTR";"Centres de charge";
"TACONTAINERC";"Contenant clob";
"TASK";"Tâche";
"TAXLINK";"Calcul base calcul taxe (link)";
"TCBLOB";"Fichiers spéciaux";
"TCCLOB";"Fichiers spéciaux clob";
"TDSPRV";"Cumul honoraires/prestataires";
"TDUPDCLC";"Modification série - calcul";
"TEXCLOB";"Textes clob";
"TEXCPT";"Compteur des textes par table";
"TGRLIS";"Dictionnaire des cibles";
"TGRLISFIE";"Consultation cibles";
"TGRLISLNK";"Tables liées";
"TGRSSP";"Supports de présentation";
"TIMEADJUST";"Heure d'été";
"TIMETRANS";"Transition heure d'été";
"TIMEZONEINFO";"Fuseaux horaires";
"TMPARPT";"Table temporaire impression";
"TMPARPTDET";"Table temporaire impression";
"TMPBLA";"Impressions maj tables";
"TMPCNSBAN";"Consultation banque";
"TMPCNSESL1";"Listing ventes intracom.";
"TMPCNSESL2";"Listing ventes intracom.";
"TMPCNVECAR";"Table temporaire ecart conv";
"TMPCRPT";"Table temporaire impression";
"TMPCSRQ";"Besoins temporaires trésorerie";
"TMPEXPENSE";"Table temporaire Frais";
"TMPFUP0";"Critères campagnes";
"TMPFUP1";"Tiers à relancer";
"TMPFUP2";"Echéances à relancer";
"TMPFUPCMT";"Commentaires des échéances";
"TMPGACCENTRD";"Lignes de pièces comptables";
"TMPGACCENTRY";"Ecritures comptables";
"TMPKRPT";"Table temporaire impression";
"TMPLTAVCR";"Table temporaire taxe locale";
"TMPPAYDUD";"Table tempo proposition règlt";
"TMPPAYDUD2";"Table tempo proposition règlt";
"TMPPAYTOT";"Table tempo proposition règlt";
"TMPPRPT";"Table temporaire impression";
"TMPSRPT";"Table temporaire impression";
"TMPSRPTDET";"Table temporaire impression";
"TRACKTPLD";"Modèle suivi logistique détail";
"TRACKTPLH";"Modèle suivi logistique";
"TRADESHOW";"Salons professionnels";
"TRANNOTED";"Note de transport";
"TRANNOTEH";"Note de transport";
"TRANSPORT";"Transport";
"TRCVCRDOC";"Trace des écritures comptables";
"TXSA";"Paramétrage Tableau de bord";
"TXSAC";"Paramétrage colonne tableau";
"TXSD";"Détail tableaux de bord";
"TXSM";"Montants";
"TXSP";"Valeur paramètres/version";
"TXSV";"Variables Tableaux de bord";
"TXSW";"Versions";
"TXTBOL";"Textes clob";
"UNFILWRK";"Etat carnet de commandes";
"UNITOFTIME";"Unités de temps";
"UNPAID";"Impayés";
"UPORDER";"Histo. commandes d'achat";
"UPORDERC";"Histo. cdes achat cumul av-ret";
"UPORDERP";"Histo. cdes d'achat Prix";
"UPORDERQ";"Histo. cdes d'achat qtés";
"VATBOX";"Cases TVA";
"VATBOXD";"Cases TVA";
"VATCLS";"Classification fiscale";
"VATENTFRM";"Formulaire TVA (définition)";
"VATENTFRMD";"Formulaire TVA détail (def.)";
"VATFRMENT";"Formulaire TVA (valeurs)";
"VATFRMENTA";"Formulaire TVA";
"VATFRMENTC";"Formulaire TVA par société";
"VATFRMENTD";"Formulaire TVA détail (val.)";
"VATFRMENTI";"Données service décl. TVA";
"VATFRMENTN";"Formulaire TVA requêtes";
"VATGRP";"En-tête entité TVA";
"VATGRPD";"Détails entité TVA";
"VFEPSTTMP";"Comptabilisation TVA";
"VSORDER";"Histo. Cdes de vente - Entête";
"VSORDERC";"Histo. Cdes de vente-Cumul A/R";
"VSORDERP";"Histo. Cdes de vente - Prix";
"VSORDERQ";"Histo. Cdes de vente - Qtés";
"VSQUOTE";"Historique devis vente - en-tête";
"VSQUOTED";"Historique devis vente - détails";
"VXAMTTPY";"Sortie matière temp";
"WARFLYER";"Coupons de garantie";
"WARREQCPN";"Lignes demandes de garantie";
"WARREQUEST";"Demandes de garantie";
"WCUNLISDET";"Impression Inventaires";
"WIPCOST";"Valorisation des en-cours";
"WIPRESW";"Résumé WIPCOST pour impression";
"WIPSCPM";"Rebut matière temporaire";
"WIPSCPO";"Rebut opération temporaire";
"WIPTMP";"Wipcost-Interface";
"WIPWSTTMP";"Détail opération WIPCOST temp";
"WORKCOST";"Section de valorisation";
"WORKLOAD";"Charge de production";
"WORKSTATIO";"Postes de charge";
"WRKPURFCS";"Etat charges achats";
"WRKSTOCNS";"consultation transfert stock";
"WRKSTOPER";"Consultation stock à date";
"WSTANL";"Analyse postes de charge";
"WSTOALL";"Allocations";
"WSTOLOTFCY";"Lots - Sites";
"WSTOQLYD";"Détail contrôle qualité";
"WSTOREO";"Réapprovisionnements";
"WX1EDIFL0012";"IMPORT_COMMANDES_LGFIXE";
"WX1EDIFL0013";"IMPORT_COMMANDES_CLIENTS";
"WX1EDIFL0014";"IMPORT_COMMANDES_CLIENTS_FIXES";
"WX1EDIFL0015";"IMPORT_COMMANDES_CLIENTS_XML";
"WX1EDIFL0016";"IMPORT_FACTURES_TIERS_FOU";
"WX1EDIFL0017";"IMPORT_RECEPTIONS_ACHATS";
"WX1EDIFL0020";"MTO_IMPORT_ORDER";
"WX1EDIFL0025";"YOOZ_IMPORT_FACTURES_ACHATS";
"WX1EDIFL0026";"YOOZ_IMPORT_FACTURES_DIRECT";
"WX1EDIFL0027";"YOOZ_IMPORT_FACTURES_FINAL";
"WX1EDIFL0033";"IMPORT_COMMANDES_CLIENTS_JSON";
"WX1EDIFL0056";"YOOZ_IMPORT_FACTURES_FINAL";
"WX1EDIFL0057";"YOOZ_IMPORT_FACTURES_ACHATS";
"WX1EDIFL0079";"IMPORT_RECEPTIONS_ACHATS";
"WX1EDIFL0109";"YOOZ_IMPORT_FACTURES_DIRECT";
"WX1EDIFL0112";"IMPORT_COMMANDES_CLIENTS_XML";
"WX1EDIFL0133";"IMPORT_COMMANDES_CLIENTS_FIXES";
"X0LINKRPT";"Groupes d'états";
"X1ANC";"Anomalies MAJ comptes EC";
"X1ANODOC";"Anomalies documents EC";
"X1ASWCONT";"Réponses qualité Récipients";
"X1ASWEQUIP";"Réponses qualité Equipements";
"X1ASWMEAN";"Moyens de contrôle";
"X1ASWREACT";"Réponses qualité Réactifs";
"X1BCELT";"Eléments codes-barres";
"X1BCSTDH";"Normes codes-barres";
"X1BCSTDMAP";"Normes codes-barres";
"X1CACONTAIN";"Récipients / Analyses";
"X1CAEQUIP";"Equipements / Analyses";
"X1CARAC";"Analyses";
"X1CARACTCT";"Analyses - Réponses";
"X1CAREACT";"Réactifs / Analyses";
"X1CHARGEBL";"Unités logistiques à expédier";
"X1CLAFF";"Classe d'affectation";
"X1CLAFFC";"Autres classes";
"X1CLASINTER";"Classes d'interdiction / artic";
"X1CLIEXP";"Client à exporter";
"X1CLROT";"Classe de rotation";
"X1CLROTC";"Autres classes";
"X1COLREGD";"Règles de colisage";
"X1COLREGE";"Règles de colisage";
"X1COMAGENT";"COM -- Agents de communication";
"X1CONSIGN";"Consignes";
"X1CONSIGNAPP";"Consignes appliquées";
"X1CONTAIN";"Récipients";
"X1CQITF";"Contrôle Qualité";
"X1CTRFREQ";"Contrôles fréquentiels";
"X1CTXSTAB";"Contextes de stabilité";
"X1CTXSTABD";"Contextes de stabilité";
"X1DCEC";"Documents E-commerce/CRM";
"X1DCECD";"lignes Document commercial EC";
"X1DECLAPROD";"Declaration Production";
"X1ECBPC";"Clients E-commerce/CRM";
"X1ECCNT";"Contacts E-commerce/CRM";
"X1ECITM";"Articles E-Commerce/CRM";
"X1ECO";"Connecteur E-Commerce/CRM";
"X1ECOBPA";"Adresses Ecommerce/CRM";
"X1ECOD";"Règles Clients E-commerce/CRM";
"X1ECODA";"Règles Articles E-commerce/CRM";
"X1ECSDH";"E-commerce Livraison";
"X1ECSIH";"E-commerce Facture";
"X1ECSOH";"E-commerce Commande";
"X1ECSQH";"E-commerce Devis";
"X1ECSRH";"E-commerce Retour";
"X1EDICTRL";"EDI -- Contrôles";
"X1EDIELEMT";"EDI -- Structures (éléments)";
"X1EDIENREG";"EDI -- Structures (enreg.)";
"X1EDIENREGZ";"EDI -- Structures (zones)";
"X1EDIFILTERS";"EDI -- Filtres utilisateur";
"X1EDIFLOW";"EDI -- Flux (paramétrage)";
"X1EDIFLOWI";"EDI -- Flux (indicateurs)";
"X1EDIFLOWM";"EDI -- Flux (mapping import)";
"X1EDIFLOWP";"EDI -- Flux (param. trait.)";
"X1EDIGROUP";"EDI -- Groupes (entête)";
"X1EDIGROUPD";"EDI -- Groupes (flux)";
"X1EDILINK";"EDI -- Liens Sas / Documents";
"X1EDINULL";"EDI -- Table technique (vide)";
"X1EDIOPTIONS";"EDI -- Options utilisateur";
"X1EDIPARTNER";"EDI -- Partenaires";
"X1EDIPRESAS";"EDI -- Pré-Sas";
"X1EDIPRESASH";"EDI -- Pré-Sas (histo. statut)";
"X1EDIPRESASL";"EDI -- Pré-Sas (lignes)";
"X1EDISAS";"EDI -- Sas (entête)";
"X1EDISASC";"EDI -- Sas (contrôles)";
"X1EDISASD";"EDI -- Sas (détail)";
"X1EDISASH";"EDI -- Sas (histo. statut)";
"X1EDISASL";"EDI -- Sas (lignes)";
"X1EDISASX";"EDI -- Sas (textes)";
"X1EDISASZ";"EDI -- Sas (zones)";
"X1EDISASZH";"EDI -- Sas (histo. zones)";
"X1EDISITE";"EDI -- Sites";
"X1EDISITEP";"EDI -- Sites (partenaires)";
"X1EDITIERS";"EDI -- Tiers";
"X1EDITIERSI";"EDI -- Tiers (identifiants)";
"X1EDITRACE";"EDI -- Traces";
"X1EDIUPDATE";"EDI -- Mises à jour (patchs)";
"X1EDIZONES";"EDI -- Structures (zones)";
"X1EQUIP";"Equipements";
"X1EQUIPF";"Familles d'équipements";
"X1EXPGEN";"Export générique";
"X1FICTEC";"Gammes d'analyses";
"X1FQCONTAIN";"Récipients / Analyse GA";
"X1FQEQUIPF";"Equipements / Analyse GA";
"X1FQREACT";"Réactifs/ AnalyseGA";
"X1FTASS";"Gammes d'analyses -Affectation";
"X1FTASSR";"Règles d'affectation";
"X1FTASSRD";"Règles d'affectation - Critère";
"X1FTQUEST";"Gammes d'analyses - Détail";
"X1FTQUTCT";"Analyses - Réponses";
"X1HISMOTIF";"Modifications des résultats";
"X1ITFLABEL";"Etiquettes, Article-site";
"X1ITFRLOC";"Règles détermin. Emp / Article";
"X1ITGLABEL";"Etiquettes, Catégorie article";
"X1ITMEXP";"Article Export incrémental";
"X1KCALENDAR";"Périodicités";
"X1KEDT";"Journal éditions";
"X1KEDTBLB";"Fichiers spéciaux";
"X1KEDTCLB";"Fichiers spéciaux";
"X1KEDTDATA";"Journal éditions - Données";
"X1KEDTOBJ";"Journal éditions - Objets";
"X1KEDTPAR";"Journal éditions - Paramètres";
"X1KFILTERS";"X1K -- Filtres utilisateur";
"X1KMAATT";"Attributs";
"X1KMABCELT";"Eléments codes-barres";
"X1KMABCSTD";"Normes codes-barres";
"X1KMABOU";"Boutons Karma";
"X1KMACALL";"Appels attributs";
"X1KMACALLBCK";"Retour Web service";
"X1KMACLOB";"Exemples attributs";
"X1KMACNX";"Connexions";
"X1KMACNXD";"Connexions - détail";
"X1KMAFCT";"Fonctions Karma";
"X1KMAFCTBOU";"Boutons/Fonction";
"X1KMAFCTPAR";"Paramètres/Fonction";
"X1KMAFCTZON";"Zones/Fonction";
"X1KMAFLX";"Flux Karma";
"X1KMAFLXBOU";"Boutons/Flux";
"X1KMAFLXJS";"Json de Flux Karma";
"X1KMAFLXPAR";"Paramètres/Flux";
"X1KMAFLXZON";"Zones/Flux";
"X1KMALOGWS";"Logs Web Services KARMA";
"X1KMALOGWS2";"Logs Web Services KARMA";
"X1KMAMD";"Détail menus";
"X1KMAMEN";"Menus Karma";
"X1KMAMHIE";"Hiérarchie des menus";
"X1KMAMSG";"Messages Karma";
"X1KMANAVD";"Mapping tunnels";
"X1KMANAVH";"Mapping tunnels";
"X1KMAPAR";"Paramètres Karma";
"X1KMAPARUSR";"Paramètres/Utilisateur";
"X1KMASAVD";"Stockage transaction";
"X1KMASAVH";"Stockage transaction";
"X1KMASTP";"Etapes Karma";
"X1KMASTPBOU";"Boutons/Etape";
"X1KMASTPEVE";"Actions/Etapes";
"X1KMASTPSCE";"Scénarios/Etapes";
"X1KMASTPZON";"Zones/Etape";
"X1KMAUSER";"Utilisateurs";
"X1KMAUTHFCY";"Sites";
"X1KMAVERSYMB";"Table des verrous";
"X1KMAZON";"Zones Karma";
"X1KMAZONBLB";"Blobs de zones Karma";
"X1KMAZONCLB";"Clobs de zones Karma";
"X1KMAZONLID";"Listes dynamiques/Zones Karma";
"X1KMAZONPER";"Persistances/Zones Karma";
"X1KOPTIONS";"X1K -- Options utilisateur";
"X1KSPEPRE";"Sauvegarde de paramétrage";
"X1KSPEPREC";"Sauvegarde de paramétrage";
"X1KSPEPREM";"Sauvegarde de paramétrage";
"X1KSPEPRET";"Sauvegarde de paramétrage";
"X1LABEL";"Etiquettes";
"X1LABELDDE";"Demandes d'étiquettes";
"X1LABELDEC";"Etiquettes - Decimal";
"X1LABELG";"Etiquettes : Paramétrage";
"X1LABELGLEV";"Etiquettes : Param./niveau";
"X1LABELGTAB";"Etiquettes : Tables/niveau";
"X1LABELLNG";"Etiquettes - Alpha long";
"X1LABELMAP";"Etiquettes : Mapping";
"X1LABELNBEXE";"Etiquettes : nombre d'exemplai";
"X1LABELPAR";"Modèles d'étiquettes";
"X1LABELRUL";"Etiquettes - Règles";
"X1LABELSHT";"Etiquettes - Alpha court";
"X1LABELTIM";"Etiquettes - Timestamp";
"X1LABELTRK";"Traçabilité Etiquettes";
"X1LCQINFOS";"Lignes CQ - Informations";
"X1LOCCHEMIN";"Chemin Emplacement / Flux";
"X1MAJCLI";"Création/MAJ de compte";
"X1METHO";"Méthodologies";
"X1OBJET";"Objets de base";
"X1OBJETCOL";"Objets de base, collections";
"X1PARLOC";"Paramétrage Nom Emplacement";
"X1PATCH";"Patches (entête)";
"X1PATCHA";"Patches (codes activité)";
"X1PATCHD";"Patches (détail)";
"X1PATCHP";"Patches (fichiers)";
"X1PATH";"Répertoires UNC";
"X1PICFAM";"Famille d'article PIC PDP";
"X1PICFAMCRT";"Formule Famille PICPDP";
"X1PICFAMITM";"Famille Article PICPDP";
"X1PLNSTAB";"Plans de stabilité";
"X1PLNSTABD";"Plans de stabilité";
"X1PRCND";"Contraintes de prélèvement";
"X1PRCNH";"Contraintes de prélèvement";
"X1PRECODU";"Code préparation- Préparateurs";
"X1QBLOB";"Fichiers spéciaux";
"X1QCLOB";"Fichiers spéciaux";
"X1QLASW";"Réponses qualité détail";
"X1QLCONTAIN";"Récipients / Analyse";
"X1QLEQUIP";"Equipements / Analyses";
"X1QLQUEST";"Analyses de dossiers d'analyse";
"X1QLQUTCT";"Analyses - Réponses";
"X1QLREACT";"Réactifs/ Analyse";
"X1QLYD";"Détail contrôle qualité";
"X1QLYE";"Echantillons-Dossiers";
"X1QLYECH";"Echantillons";
"X1QLYECHH";"Echantillons historique";
"X1QLYECHMD";"Echantillons mélange/division";
"X1QLYEQUEST";"Echantillons-Analyses";
"X1QLYH";"Entête dossier d'analyses";
"X1QSTABSTUD";"Protocole / Etude de stabilité";
"X1QSTABSTUDL";"Protocole / Etude de stabilité";
"X1QSTKTRKW";"Tracabilité";
"X1RULESB";"Règles boutons";
"X1RULESLOC";"Règles de détermination Empla.";
"X1RULESLOCD";"Règles de détermination Empla.";
"X1RULESZ";"Règles zones";
"X1RULQ";"Règles de gestion";
"X1RULQD";"Règles de gestion";
"X1SDHEXP";"Livraison à exporter";
"X1SETSTL";"Styles";
"X1SIHEXP";"Facture à exporter";
"X1SOHEXP";"Commande à exporter";
"X1SQHEXP";"Devis à exporter";
"X1SRHEXP";"Retour à exporter";
"X1STASTOHIS";"Stabilité - Lignes de stock";
"X1STASTOSEL";"Stabilité - Lignes de stock";
"X1STASTOWORK";"Stabilité - Lignes de stock";
"X1STK";"Stock E-Commerce/CRM";
"X1STKCHANGE";"Changements de stock";
"X1SUREMBD";"Sur-Emballage détail";
"X1SUREMBE";"Sur-Emballage entête";
"X1SYNT";"Tableau synch E-Commerce";
"X1TEXTRA";"Textes à traduire";
"X1TREETRACE";"Trace hiérarchique";
"X1TYPPREPA";"Type de préparation";
"X1TYPPREPAC";"Type préparation (Code P)";
"X1TYPPREPAD";"Type préparation (condition)";
"X1TYPPREPAM";"Type préparation (Mode Prép)";
"X1TYPPREPW";"Règles de prélèvement sur OF";
"X1TYPPREPWD";"Règles de prélèvement sur OF";
"X1UNIVERSIG";"Collectes Universign";
"X1UNIVERSIGD";"Signataires Universign";
"X1UNIVERSIGF";"Fichiers Universign";
"X1VIEW";"Dictionnaire des vues add-on";
"X1VIEWB";"Dictionnaire des vues add-on";
"X1VIEWC";"Dictionnaire des clés add-on";
"X1VIEWD";"Dictionnaire des vues add-on";
"X1VIEWE";"Dictionnaire des vues add-on";
"X1VIEWS";"Dictionnaire des vues add-on";
"X1WMSADDPAR";"Données complémentaires";
"X1WMSADDPARD";"Données complémentaires";
"X1WMSADDTMP";"Données complémentaires temp";
"X1WMSADDVAL";"Données complémentaires";
"X1WMSALLRUL";"Règles allocation / sortie WMS";
"X1WMSAPLLCK";"Table des verrous";
"X1WMSCTL";"Contrôle Inventaire KARMA";
"X1WMSCUD";"Inventaire";
"X1WMSCUDDET";"Inventaire - détail";
"X1WMSCUDUC";"Inventaire à l'UC";
"X1WMSECAITM";"Ecart art stock";
"X1WMSMFGLOC";"Emplacement de prépa";
"X1WMSPTD";"Pré-reception ligne";
"X1WMSPTH";"Pré-reception entête";
"X1WMSSAS";"SAS WMS Karma (Entête)";
"X1WMSSASC";"SAS WMS Karma (Complément)";
"X1WMSSASD";"SAS WMS Karma (Détail)";
"X1WMSSSS";"Sesssion Inventaire KARMA";
"X1WMSSTORUL";"Règles de gestion de stock";
"X1WMSTRA0";"Traçabilité WMS Karma";
"X1WMSTRAD";"Traçabilité WMS Karma";
"X1WMSWORKUC";"Tables de travail des UC";
"X1WRKHIS";"Wrkf avancés (historique)";
"X1WRKPAR";"Wrkf avancés (param principal)";
"X1WRKPARF";"Wrkf avancés (fichiers joints)";
"X1WRKPARFS";"Wrkf avancés (sig. fichiers)";
"X1WRKPARI";"Wrkf avancés (param. images)";
"X1WRKPARP";"Wrkf avancés (pièces jointes)";
"X1WRKPARR";"Wrkf avancés (var. requêtes)";
"X1WRKPARS";"Wrkf avancés (styles lignes)";
"X1WRKPART";"Wrkf avancés (param. textes)";
"X1WRKPARV";"Wrkf avancés (var. message)";
"X1WRKPARVO";"Wrkf avancés (var. options)";
"X1ZONEPREPA";"Zones de préparation";
"X1ZONEPREPAD";"Zones de préparation détail";
"X4AGRFAB";"Agrément";
"X4AGRFABTMP";"Recherche agrément";
"X4APLLCK";"Table des verrous Adxcom";
"X4BOM";"Fiche composition Entête";
"X4BOMD";"Fiche composition détail";
"X4BPCCDT";"Assurance crédit";
"X4BPTCSDOCS";"Consultations transporteurs";
"X4BPTCSHEAD";"Consultations transporteurs";
"X4BPTCSTRAN";"Consultations transporteurs";
"X4BPTMARG";"Marges sur transport";
"X4CACABCUT";"Règles de découpage du CAB";
"X4CAPROPRE";"Préfixes ADXCOM";
"X4CAPROSCE";"Scénarios ADXCOM";
"X4COMAGENT";"UNITE DE CHARGEMENT";
"X4CONDMDLOG";"Connecteur DMDLOG";
"X4CONTDECLA";"Résultats contrôle décla ICPE";
"X4CPTEQ";"Compteurs équipement";
"X4CPTJOU";"Journal des compteurs";
"X4CSOBJTRS";"Transaction Objet";
"X4CSSAIFEN";"Transaction saisie fenêtre";
"X4CSSTD";"Traitement standard";
"X4CSSTDTRS";"Transaction traitement std";
"X4CTRLENT";"Table à contrôler";
"X4CTRLITGDET";"Détail de contrôle";
"X4CTRLITGENT";"Entête de contrôle";
"X4CTRLITMDET";"Détail de contrôle";
"X4CTRLITMENT";"Entête de contrôle";
"X4CUMULICPE";"Résultats cumul catégorie ICPE";
"X4DESTBPR";"Destination Finale Tiers";
"X4DESTFIN";"Destination Finale";
"X4DOCLINK";"Liens avec les documents X3";
"X4DONLOG";"Données logistiques";
"X4DONLOGL";"Données logistiques ligne";
"X4EMBD";"Emballages durables";
"X4EXPDONYOOZ";"Stockage export données Yooz";
"X4EXPMD";"Stockage infos export transp.";
"X4EXPTSP";"Stockage infos export transp.";
"X4EXPUM";"Stockage infos export transp.";
"X4FACFICRFA";"Liens Factures - fiches RFA";
"X4FCFICRFAFS";"Liens Fac - fiches RFA Fourn";
"X4FICPRORFA";"Fiche provision RFA - entête";
"X4FICPRORFAD";"Fiche provision RFA - lignes";
"X4FICRFA";"Fiches de RFA";
"X4FICRFAFS";"Fiches de RFA Fournisseur";
"X4FICTECICP2";"Liens ICPE / FT";
"X4FICTECICPE";"Liens ICPE / FT";
"X4FILBPC";"Filière client";
"X4FILRFA";"Filière RFA";
"X4FILRFAFS";"Filière RFA Fournisseur";
"X4FPRORFAF";"Fiche prov RFA Fourn - entête";
"X4FPRORFAFD";"Fiche prov RFA Fourn - lignes";
"X4GACCYOOZ";"Export lignes comptables Yooz";
"X4GENBLBR";"Achat transport /ven : Géné BR";
"X4GESREL";"Gestion des reliquats";
"X4ICPE";"Installation classée pr l'env.";
"X4ICPERU2";"Rubriques utilisées pr un site";
"X4ICPERUB";"Rubriques utilisées pr un site";
"X4ICPERUL";"Règles de stock pour une ICPE";
"X4IMPDOC";"Date fin taxe";
"X4IMPSID";"Tempo import self billing";
"X4IMPSIH";"Tempo import self billing";
"X4IMPSIH2";"Tempo import self billing";
"X4IMPSIH3";"Tempo import self billing";
"X4IMPSIHER";"Erreur import self billing";
"X4IMPSIHERD";"Erreur import self billing det";
"X4ITMPCU";"Article-Conditionnement";
"X4ITMPCUEXC";"Exceptions Article-Cond";
"X4LOTDOC";"Deuxième prénom";
"X4MDLOPT";"options du modèle";
"X4MDOPL";"options-modèle";
"X4MODEL";"Modèle d'options de transport";
"X4MODELOPT";"Options de transport";
"X4NC7M";"Non conformités (Causes)";
"X4NC7MA";"Non conformités Causes/Actions";
"X4NCACLIEN";"Liens NC actions";
"X4NCACTLIN";"Non conformités (l action)";
"X4NCATPL";"Modèles de séquences d'actions";
"X4NCATPLD";"Détail de séquences d'actions";
"X4NCTEAM";"Non conformités (Equipe)";
"X4NOMICPE";"Rubriques ICPE";
"X4OPTRANS";"Option de transport";
"X4PARFCY";"Paramétrage site";
"X4PARFCYT";"Paramétrage site";
"X4PARMRP";"Paramétrage CBN / Jour";
"X4PCATEG";"Pointage - Catégorie personnel";
"X4PERR";"Pointages en erreur";
"X4PHISTO";"Historisation pointage";
"X4PINVOICE";"Stockage en-tête facture Yooz";
"X4PJOU";"Pointages début-fin journée";
"X4PMAT";"Pointages - en cours";
"X4PMATHAB";"Pointage - habilitations";
"X4PMATVAR";"Matricule variation capacité";
"X4PMFGHAB";"OF - Opé - habilitations";
"X4PMKM";"Histo mkm/of";
"X4POINTAGE";"Pointage";
"X4PPRF";"Pointage - Préfixes";
"X4PRINTER";"Destinations";
"X4PROTVA";"Profil TVA - Export LAD / RAD";
"X4PROUHAB";"Gammes - Opé - habilitations";
"X4PWSTHAB";"Poste de charge - Habilitation";
"X4REAUTHZONE";"Réauthentification utilisateur";
"X4REGAPPRFA";"Règles applications RFA";
"X4REGCNFCYFS";"Règ. cont. RFA Fourn. - Sites";
"X4REGCNPERFS";"Règ. cont. RFA Frs - Periodes";
"X4REGCNRFAFS";"Règles et contrats RFA Fourn.";
"X4REGCONFCY";"Règles et contrats RFA - Sites";
"X4REGCONPER";"Règles et cont RFA - Periodes";
"X4REGCONRFA";"Règles et contrats RFA";
"X4REPORTM";"Impressions maj tables";
"X4RGAPPRFAFS";"Règles applications RFA Fourn.";
"X4SAVHD1CLOB";"Clobs intervention SAV";
"X4SAVHDKTASK";"Consommation SAV avancé";
"X4SBI";"Self Billing";
"X4SEROUT";"Numéro série outillage";
"X4SETSTL";"Styles";
"X4SEUILSEV";"Résultats seuil SEVESO";
"X4SITETRANSP";"Code transporteur par site";
"X4TABTRANSP";"Interface Transporteurs";
"X4TABUNIT";"Table des unités";
"X4TEXTRA";"Textes à traduire";
"X4TMPED";"Table tempo emballage durable";
"X4TRCMDL";"Traçabilité Options transport";
"X4TRKAV";"Traçabilité Aval Détail";
"X4WRKPAR";"Codes taxes par défaut";
"X4WRKPARF";"Codes taxes par défaut";
"X4WRKPARR";"Codes taxes par défaut";
"X4WRKPARS";"Codes taxes par défaut";
"X4WRKPARV";"Codes taxes par défaut";
"X4YCARECD";"Détail des UC réception ADXCOM";
"X4YCARECE";"Entête de réception ADXCOM";
"X4YCARECS";"Détail stock réception ADXCOM";
"XABLOB";"Blob Kardol";
"XACCESSOI";"Accessoires outillage";
"XACCPARC";"Accessoires parc";
"XACLOB";"Clob Kardol";
"XANATEM";"tempo anatem";
"XANATEM5";"table tempo YANATEM5";
"XBILCHA";"Table temp état charge";
"XBPSNOR";"Normes fournisseurs";
"XCAPROPRE";"Préfixes ADXCOM";
"XCAPROSCE";"Scénarios ADXCOM";
"XCARAC";"Table des caractéristiques";
"XCLARIS";"Classe de risque";
"XCLIVER";"client version";
"XCONFIG";"Variantes co-produits";
"XCONSIG";"Consignes";
"XCPL";"CPL";
"XDESADV";"Desadv et BL Galia";
"XDESADVD";"Desadv et BL Galia";
"XDMRPARD";"Paramétrage démérites - détail";
"XDMRPARH";"Paramétrage des démérites";
"XEDI";"Gestion EDI";
"XEDIIMP2";"Tempo import dmde livraison";
"XEDIIMP3";"Tempo import dmde livraison";
"XEDIIMPDL";"Tempo import dmde livraison";
"XEDIIMPDLB";"Tempo import dmde livraison";
"XEDIIMPDLE";"Imports en erreur";
"XEDIIMPDLS";"Tempo import dmde livraison";
"XENCTOP";"Liste suivi tps / décl prod";
"XFABMACTMP";"Temporaire fabrication machine";
"XFAMTECH";"Familles techniques";
"XFAMTECHD";"Familles techniques détail";
"XFCYBPR";"Lien client-sites";
"XFCYBPRFAC";"Système";
"XFCYBPS";"Fournisseur/sites";
"XFICTEC";"Fiche technique article";
"XFICTECCA";"Caractéristique fiche tech.";
"XFICTECCAS";"Caractéristiques FTS";
"XFICTECCS";"fiche technique consignes";
"XFICTECFQ";"Fiche qual de la fiche tech.";
"XFICTECRS";"Fiche technique R et S";
"XFICTECS";"Fiche technique spéciale";
"XFICTECSB";"Symboles fiche technique";
"XFICTECSC";"Substances fiche technique";
"XFICTECSFQ";"Fiche qual de la FTS";
"XGALETI";"Demande d'étiquettes";
"XGALTRA";"Numéro d'UC";
"XGRPEMB";"Groupe d'emballage";
"XHISTOBPS";"Historique notation frn";
"XIMPAFF2";"Table tempo XIMPOFAFF2";
"XIMPAFF2A";"Table tempo XIMPOFAFF2A";
"XIMPAFF3";"Table tempo XIMPOFAFF3";
"XIMPAFF3A";"Table tempo XIMPOFAFF3A";
"XIMPHISTO";"Fichiers importés";
"XIMPSDH1";"Table tempo import INVRPT";
"XIMPSDH2";"Table tempo exp/import INVRPT";
"XIMPSDH2D";"Table tempo exp/import INVRPT";
"XIMPSOQ1";"Tempo import dmde livraison";
"XIMPSOQ2";"Tempo export entête dmde liv";
"XIMPSOQ3";"Tempo export ligne dmde liv";
"XINFODYNE";"Infodyne paramétrage";
"XITCNAT";"Détail natures - Coûts";
"XITFADV";"DESADV adresse livraison";
"XITFCTL";"Règles contrôle qualite frequ.";
"XITMQUOT";"Articles  Coûts  nomenclature";
"XITMREL";"Versions d'un  Article";
"XITTRANS";"Intégration des temps";
"XITTRANSER";"Intégration des temps erreurs";
"XITTRANSHI";"Intégration des temps histo";
"XKACB";"Clob HTML";
"XKARTRS";"Transaction de saisie kardol";
"XKCTLXD";"Erreurs";
"XLABELTRA";"Impression des étiquettes";
"XMETHODT";"Méthodologie de tests";
"XMFGQSP";"Quantités QSP";
"XMFOOUT";"Outillages suppl. dopé OF";
"XMIGRATION";"Migration Données Kardol";
"XMKOERR";"Import des durées / erreurs";
"XMKOHIS";"Import des durées / historique";
"XMODELDT";"Modèle DT Excel";
"XMVTATT";"Mouvements en attente";
"XNCACC";"Gestion des actions coût";
"XNCACL";"Liens NC actions";
"XNCACT";"Gestion des actions";
"XNCDEFAUT";"Causes de défauts";
"XNCHISTO";"Historique NC";
"XNCNATURE";"Codes natures non conformités";
"XNCSAI";"Non conformités";
"XNCSUIMEN";"Suite a mener";
"XNUMQUOT";"Articles  Coûts  liste";
"XOFSUP";"OF supprimés - En-têtes";
"XOPEQUOT";"Articles  Coûts  opérations";
"XOUTILS";"Outillages";
"XOUTMAC";"lien outil machine";
"XPARAMDT";"Paramétrage DT Excel";
"XPARMAC";"Parc Interne";
"XPAROPT";"Tables diverses Kardol";
"XPHRARS";"Phrases R et S";
"XROUCONS";"Gammes consignes";
"XROUOUT";"Outillages suppl. dopé gamme";
"XSORDERQD";"Emballage par DL";
"XSPACKDD";"Emballage par ligne colisage";
"XSTOTRKED";"Table édition tracabilité";
"XSUBST";"Tables des substances";
"XSYMBOL";"Table des symboles danger";
"XTABPOHTYP";"Type commande achat";
"XTABTIMTYP";"Types de Temps";
"XTEMPCHAR";"Buffer charge ferme";
"XTEXETA";"Textes états commerciaux";
"XTMPATXRPT";"Table tempo création texte";
"XTMPDEMBPS";"Table temporaire démérite frn";
"XTMPDESADVTG";"Table tempo gen BL tiers gest.";
"XTMPDISPO";"Buffer dispo composants";
"XTMPITMSEL";"Tempo select versions article";
"XTMPOPPMFG";"Table tempo prod";
"XTMPOPPPUR";"Table tempo achat";
"XTMPOPPSAL";"Table tempo vente";
"XTMPPCEAUT";"Table tempo XCTPCEAUT";
"XTMPPRIMN";"Table tempo PRI multi niveau";
"XTMPPRIMN2";"Table tempo PRI multi niveau 2";
"XTMPPRIMN3";"Table tempo PRI multi niveau 3";
"XTMPPRIMN4";"Table tempo PRI multi niveau 4";
"XTMPPRIMN5";"Table tempo PRI multi niveau 5";
"XTMPPRIMN6";"Table tempo PRI multi niveau 6";
"XTMPPRIMNW";"Table tempo PRI multi niv Cout";
"XTMPPROJOF";"Table projet of";
"XTMPREAPPR";"Table temp réappro";
"XTMPSTWCQF";"Table temp stock";
"XTYPMOU";"Types de moules";
"XUTILKARD";"Utilisateurs Kardol";
"XVALFLO";"Lien demandeur décideur";
"XWLDOPE";"Charge par OF";
"XWSTANL1";"Analyse de prod Kardol table1";
"XWSTANL2";"Analyse de prod Kardol table2";
"YCACHG000";"Critères stock";
"YCACHG001";"Critères pièce";
"YCACHG002";"Numéros de série";
"YCACHG003";"Sous-lot";
"YCAFILHIS";"Historique Adxcom";
"YCAFILIN";"Demandes Adxcom";
"YCAFILOUT";"Réponses Adxcom";
"YCAMENGRU";"Menus groupes";
"YCAPAR";"Paramètres adxcom";
"YCAPARVAL";"Valeurs paramètres Adxcom";
"YCAPRF";"Préfixes";
"YCAPRG";"Programmes Adxcom";
"YCAPRGTYP";"Types de programmes";
"YCAPRO";"Paramètrage Adxcom";
"YCARECDW";"En cours reception - Adxcom";
"YCARECSW";"En cours reception - Adxcom";
"YCARECW";"En cours reception - Adxcom";
"YCASPE";"Table spe ADXCOM";
"YCASSS";"Sessions";
"YCASTOALL";"Sauvegarde allocations";
"YCASTOCK";"Stocks";
"YCASTODET";"Détail chgt emplct";
"YCATRS";"Transactions";
"YCAUSR";"Utilisateurs Adxcom";
"YCAUSRGRU";"Groupes d'utilisateurs";
"YCAWRKLIS";"Table travail";
"YCICTL";"Contrôle Session Adxcom";
"YCICTLUC";"Contrôle Session Adxcom UC";
"YCICUD";"Confirmé inventaire - Adxcom";
"YCICUDUC";"Confirmé inventaire-UC-Adxcom";
"YCICUDUCW";"En cours inventaire-UC-Adxcom";
"YCICUDW";"En cours inventaire - Adxcom";
"YCISSS";"Session inventaire Adxcom";
"YCPPAR";"Paramètres";
"YNAVETTE";"Navettes";
"YTMP";"Table travail (temporaire)";
"YTMP2";"Table travail (temporaire)";
"YTMP3";"Table travail (temporaire)";
"Z01RATTPR";"rattapage décl prod";
"ZARTCSEMP";"Table état ZARTCSEMP";
"ZMFGHEAD";"Ordres fabrication - entête";
"ZPREVCHARGE";"Table état ZPREVHARGE";
"ZSORDERP";"Commandes de vente - Prix";
"ZSTOCK01";"Analyse des stocks";
"ZTMPSTJ";"Tps Stojou";
"ZXOFSUP";"OF supprimés - En-têtes";
"ZZ1";"test1";
"ZZ2";"test2";
